{
  "season": {
    "autumn_warm": {
      "mean_L": 50.32111111111111,
      "std_L": 20.607555704128654,
      "mean_a": 11.04088888888889,
      "std_a": 23.44954402041609,
      "mean_b": 28.66044444444444,
      "std_b": 21.528851541393426,
      "mean_C": 38.61066666666667,
      "std_C": 21.58473528522723,
      "mean_S": 59.166666666666664,
      "std_S": 27.193732938144244,
      "mean_V": 61.68,
      "std_V": 23.015768507699235,
      "hue_sin_mean": 0.43349436628597776,
      "hue_cos_mean": 0.5532004805895242,
      "hue_mean_deg": 38.082664549681446,
      "n_colors": 45
    },
    "spring_warm": {
      "mean_L": 67.68083333333333,
      "std_L": 20.80609143910077,
      "mean_a": 6.1336666666666675,
      "std_a": 29.471059078733873,
      "mean_b": 22.265666666666668,
      "std_b": 31.016532922871242,
      "mean_C": 41.29683333333334,
      "std_C": 25.66317546548405,
      "mean_S": 52.65333333333332,
      "std_S": 28.579529192918642,
      "mean_V": 80.32333333333334,
      "std_V": 20.51264948486394,
      "hue_sin_mean": 0.25052120918053433,
      "hue_cos_mean": 0.29378096340566123,
      "hue_mean_deg": 40.455828908661495,
      "n_colors": 60
    },
    "summer_cool": {
      "mean_L": 68.66142857142857,
      "std_L": 16.90241002419035,
      "mean_a": 5.0997619047619045,
      "std_a": 12.944711089143933,
      "mean_b": -2.0097619047619055,
      "std_b": 11.381916000747525,
      "mean_C": 16.213333333333335,
      "std_C": 8.018639495892016,
      "mean_S": 23.928571428571427,
      "std_S": 15.69225295236756,
      "mean_V": 75.28095238095236,
      "std_V": 17.002230079151353,
      "hue_sin_mean": -0.22447199706765963,
      "hue_cos_mean": 0.1316211863799696,
      "hue_mean_deg": 300.3856136384486,
      "n_colors": 42
    },
    "winter_cool": {
      "mean_L": 46.534406779661026,
      "std_L": 24.027203246206795,
      "mean_a": 13.566101694915256,
      "std_a": 32.90048904983742,
      "mean_b": -3.954576271186441,
      "std_b": 29.148714209630093,
      "mean_C": 37.48949152542373,
      "std_C": 26.950729333468146,
      "mean_S": 56.73898305084745,
      "std_S": 31.85459558655177,
      "mean_V": 61.48474576271186,
      "std_V": 26.506716856198647,
      "hue_sin_mean": -0.26859646333108156,
      "hue_cos_mean": -0.0591514578280982,
      "hue_mean_deg": 257.5803259945711,
      "n_colors": 59
    }
  },
  "subtype": {}
}