{
  "season": {
    "Autumn": {
      "mean_L": 50.32111111111111,
      "std_L": 20.607555704128654,
      "mean_a": 11.04088888888889,
      "std_a": 23.44954402041609,
      "mean_b": 28.66044444444444,
      "std_b": 21.528851541393426,
      "mean_C": 38.61066666666667,
      "std_C": 21.58473528522723,
      "mean_S": 59.166666666666664,
      "std_S": 27.193732938144244,
      "mean_V": 61.68,
      "std_V": 23.015768507699235,
      "hue_sin_mean": 0.43349436628597776,
      "hue_cos_mean": 0.5532004805895242,
      "hue_mean_deg": 38.082664549681446,
      "n_colors": 45
    },
    "Spring": {
      "mean_L": 67.68083333333333,
      "std_L": 20.80609143910077,
      "mean_a": 6.1336666666666675,
      "std_a": 29.471059078733873,
      "mean_b": 22.265666666666668,
      "std_b": 31.016532922871242,
      "mean_C": 41.29683333333334,
      "std_C": 25.66317546548405,
      "mean_S": 52.65333333333332,
      "std_S": 28.579529192918642,
      "mean_V": 80.32333333333334,
      "std_V": 20.51264948486394,
      "hue_sin_mean": 0.25052120918053433,
      "hue_cos_mean": 0.29378096340566123,
      "hue_mean_deg": 40.455828908661495,
      "n_colors": 60
    },
    "Summer": {
      "mean_L": 68.66142857142857,
      "std_L": 16.90241002419035,
      "mean_a": 5.0997619047619045,
      "std_a": 12.944711089143933,
      "mean_b": -2.0097619047619055,
      "std_b": 11.381916000747525,
      "mean_C": 16.213333333333335,
      "std_C": 8.018639495892016,
      "mean_S": 23.928571428571427,
      "std_S": 15.69225295236756,
      "mean_V": 75.28095238095236,
      "std_V": 17.002230079151353,
      "hue_sin_mean": -0.22447199706765963,
      "hue_cos_mean": 0.1316211863799696,
      "hue_mean_deg": 300.3856136384486,
      "n_colors": 42
    },
    "Winter": {
      "mean_L": 46.534406779661026,
      "std_L": 24.027203246206795,
      "mean_a": 13.566101694915256,
      "std_a": 32.90048904983742,
      "mean_b": -3.954576271186441,
      "std_b": 29.148714209630093,
      "mean_C": 37.48949152542373,
      "std_C": 26.950729333468146,
      "mean_S": 56.73898305084745,
      "std_S": 31.85459558655177,
      "mean_V": 61.48474576271186,
      "std_V": 26.506716856198647,
      "hue_sin_mean": -0.26859646333108156,
      "hue_cos_mean": -0.0591514578280982,
      "hue_mean_deg": 257.5803259945711,
      "n_colors": 59
    }
  },
  "subtype": {
    "Bright": {
      "mean_L": 58.854545454545466,
      "std_L": 18.23623035390432,
      "mean_a": 9.804545454545456,
      "std_a": 46.633741269529175,
      "mean_b": 5.842727272727273,
      "std_b": 50.519188450062146,
      "mean_C": 66.40454545454546,
      "std_C": 21.153396187088585,
      "mean_S": 90.14545454545454,
      "std_S": 14.762567135486702,
      "mean_V": 81.35454545454546,
      "std_V": 16.280627843397397,
      "hue_sin_mean": -0.036109102719899894,
      "hue_cos_mean": -0.08226222636108221,
      "hue_mean_deg": 203.6991298662813,
      "n_colors": 11
    },
    "Clear": {
      "mean_L": 56.971000000000004,
      "std_L": 19.399227020683067,
      "mean_a": 8.807500000000001,
      "std_a": 28.790855818297583,
      "mean_b": 0.7470000000000001,
      "std_b": 32.1624197006382,
      "mean_C": 41.07899999999999,
      "std_C": 15.940523172091938,
      "mean_S": 49.75500000000001,
      "std_S": 18.172602317774963,
      "mean_V": 72.13500000000002,
      "std_V": 19.43608178105865,
      "hue_sin_mean": -0.14264187827454156,
      "hue_cos_mean": -0.03896956329816762,
      "hue_mean_deg": 254.7197481310332,
      "n_colors": 20
    },
    "Cool": {
      "mean_L": 55.4275,
      "std_L": 24.978038729051566,
      "mean_a": -10.450000000000001,
      "std_a": 14.006982187466365,
      "mean_b": 0.73,
      "std_b": 18.833423746095665,
      "mean_C": 25.085,
      "std_C": 5.590145346947609,
      "mean_S": 45.6,
      "std_S": 26.01807064330482,
      "mean_V": 60.0,
      "std_V": 19.963090943037855,
      "hue_sin_mean": 0.3155661366159055,
      "hue_cos_mean": -0.33840325085027134,
      "hue_mean_deg": 137.0,
      "n_colors": 4
    },
    "Dark": {
      "mean_L": 27.220769230769232,
      "std_L": 21.950948625563548,
      "mean_a": 8.28923076923077,
      "std_a": 21.70630126928352,
      "mean_b": 4.801538461538462,
      "std_b": 19.501380561052137,
      "mean_C": 25.078461538461532,
      "std_C": 17.726573640096145,
      "mean_S": 64.55384615384615,
      "std_S": 25.51767458010881,
      "mean_V": 35.823076923076925,
      "std_V": 23.480471553584657,
      "hue_sin_mean": -0.0497660359111934,
      "hue_cos_mean": -0.021424748123359764,
      "hue_mean_deg": 246.7076659235455,
      "n_colors": 13
    },
    "Deep": {
      "mean_L": 43.30222222222222,
      "std_L": 17.309910955402128,
      "mean_a": 20.04555555555556,
      "std_a": 27.475120912123433,
      "mean_b": -4.73,
      "std_b": 23.469259799907526,
      "mean_C": 34.102222222222224,
      "std_C": 23.807947682223812,
      "mean_S": 51.13333333333333,
      "std_S": 29.791087406955942,
      "mean_V": 58.388888888888886,
      "std_V": 21.096573942201267,
      "hue_sin_mean": -0.48011185914156485,
      "hue_cos_mean": -0.10656744693774582,
      "hue_mean_deg": 257.48530344193495,
      "n_colors": 9
    },
    "Light": {
      "mean_L": 77.11,
      "std_L": 15.242845862895814,
      "mean_a": 3.77,
      "std_a": 3.819064021458661,
      "mean_b": 6.8625,
      "std_b": 7.508969220205926,
      "mean_C": 8.3775,
      "std_C": 7.884692051691049,
      "mean_S": 13.1,
      "std_S": 12.642586760627747,
      "mean_V": 79.77499999999999,
      "std_V": 15.012390715672172,
      "hue_sin_mean": 0.04664687665030265,
      "hue_cos_mean": 0.5134632878965509,
      "hue_mean_deg": 5.190931194777509,
      "n_colors": 4
    },
    "Soft": {
      "mean_L": 65.06599999999999,
      "std_L": 10.418772672440838,
      "mean_a": 2.278666666666667,
      "std_a": 12.194689481719308,
      "mean_b": 13.472000000000001,
      "std_b": 17.463529311110054,
      "mean_C": 19.760666666666665,
      "std_C": 15.809344690895811,
      "mean_S": 26.78666666666667,
      "std_S": 20.556097770626494,
      "mean_V": 69.44666666666667,
      "std_V": 12.510042188400307,
      "hue_sin_mean": 0.2840328598194182,
      "hue_cos_mean": 0.4976862741868304,
      "hue_mean_deg": 29.713689661177153,
      "n_colors": 15
    },
    "True": {
      "mean_L": 68.53,
      "std_L": 14.406900690294217,
      "mean_a": 7.745624999999999,
      "std_a": 25.04317720676382,
      "mean_b": 15.406875,
      "std_b": 27.237763472509542,
      "mean_C": 33.105625,
      "std_C": 23.88483880224807,
      "mean_S": 41.7875,
      "std_S": 27.510654186151225,
      "mean_V": 79.46875,
      "std_V": 14.071190370309825,
      "hue_sin_mean": -0.01407867385362654,
      "hue_cos_mean": 0.32843162716968244,
      "hue_mean_deg": 357.5454402348656,
      "n_colors": 16
    },
    "Warm": {
      "mean_L": 56.4225,
      "std_L": 22.12787989731506,
      "mean_a": 0.9325000000000003,
      "std_a": 12.775404837029628,
      "mean_b": 8.48,
      "std_b": 14.505424847276965,
      "mean_C": 20.9375,
      "std_C": 2.8529053173913783,
      "mean_S": 36.175,
      "std_S": 19.52055006909385,
      "mean_V": 62.425,
      "std_V": 21.617166211138773,
      "hue_sin_mean": 0.17029604472507634,
      "hue_cos_mean": 0.11463591782962343,
      "hue_mean_deg": 56.05326865443425,
      "n_colors": 4
    }
  }
}