{
  "dataset_summary": {
    "n_samples": 4910,
    "image_dir": "../release/RGB",
    "palette_csv": "../personal_color_palette_full.csv",
    "class_counts": {
      "autumn_warm": 1302,
      "winter_cool": 1301,
      "spring_warm": 1179,
      "summer_cool": 1128
    }
  },
  "feature_summary": {
    "n_features": 118,
    "remove_shortcut": "none"
  },
  "phase5_baseline": {},
  "cv_summary": [
    {
      "policy": "base_4class",
      "acc_mean": 0.5531564538267717,
      "acc_std": 0.008094866192219009,
      "macro_f1_mean": 0.5509380562556644,
      "macro_f1_std": 0.00738669204852159,
      "wc_acc_mean": 0.6763739302867321,
      "wc_acc_std": 0.004072474229536479,
      "weighted_error_mean": 1.094095685599764,
      "weighted_error_std": 0.009257630746861253,
      "coverage_mean": 1.0,
      "single_accuracy_mean": 0.5531564538267717
    },
    {
      "policy": "boundary_policy",
      "acc_mean": 0.5531564538267717,
      "acc_std": 0.008094866192219009,
      "macro_f1_mean": 0.5509380562556644,
      "macro_f1_std": 0.00738669204852159,
      "wc_acc_mean": 0.6763739302867321,
      "wc_acc_std": 0.004072474229536479,
      "weighted_error_mean": 1.094095685599764,
      "weighted_error_std": 0.009257630746861253,
      "coverage_mean": 0.7584455633005892,
      "single_accuracy_mean": 0.5919202135105764
    },
    {
      "policy": "margin_pairwise_reranker",
      "acc_mean": 0.5551930723852795,
      "acc_std": 0.001771218809112895,
      "macro_f1_mean": 0.5531015620027229,
      "macro_f1_std": 0.0008730649292938756,
      "wc_acc_mean": 0.6804470429388844,
      "wc_acc_std": 0.009053131421594248,
      "weighted_error_mean": 1.0839128417369521,
      "weighted_error_std": 0.01875116863042177,
      "coverage_mean": 1.0,
      "single_accuracy_mean": 0.5551930723852795
    },
    {
      "policy": "top2_reference",
      "acc_mean": NaN,
      "acc_std": NaN,
      "macro_f1_mean": NaN,
      "macro_f1_std": NaN,
      "wc_acc_mean": NaN,
      "wc_acc_std": NaN,
      "weighted_error_mean": NaN,
      "weighted_error_std": NaN,
      "coverage_mean": NaN,
      "single_accuracy_mean": NaN
    }
  ],
  "cv_folds": 3,
  "adoption_decision": {
    "adopt_margin_pairwise": true,
    "base_macro_f1_mean": 0.5509380562556644,
    "margin_macro_f1_mean": 0.5531015620027229,
    "base_weighted_error_mean": 1.094095685599764,
    "margin_weighted_error_mean": 1.0839128417369521,
    "fold_win_rate": 0.6666666666666666,
    "fold_wins": 2,
    "n_folds_compared": 3,
    "criteria": {
      "macro_f1_higher": true,
      "weighted_error_lower_or_equal": true,
      "fold_win_rate_ge_0.6": true
    },
    "fallback_policy": null
  },
  "final_policy_requested": "margin_pairwise",
  "threshold_test_result": {
    "n_train": 3142,
    "n_val": 786,
    "n_test": 982,
    "selected_thresholds": {
      "pairwise_margin_threshold": 0.2,
      "pairwise_confidence_threshold": 0.65,
      "boundary_margin_threshold": 0.15,
      "boundary_min_confidence": 0.45,
      "warm_cool_boundary_threshold": 0.55,
      "threshold_metric": "weighted_error_score",
      "boundary_practical_coverage_satisfied": true,
      "selected_on": "validation_split",
      "model_name": "LightGBM"
    },
    "base_4class": {
      "accuracy": 0.5570264765784114,
      "macro_f1": 0.5526089032004842,
      "weighted_f1": 0.5554100105111739,
      "warm_cool_accuracy": 0.6904276985743381,
      "warm_recall": 0.6834677419354839,
      "cool_recall": 0.6975308641975309,
      "warm_to_cool_errors": 157,
      "cool_to_warm_errors": 147,
      "within_warm_errors": 72,
      "within_cool_errors": 59,
      "total_warm_samples": 496,
      "total_cool_samples": 486,
      "warm_cool_error_rate": 0.3095723014256619,
      "within_group_error_rate": 0.1334012219959267,
      "weighted_error_score": 1.0621181262729122,
      "changed_wrong_to_correct": 0,
      "changed_correct_to_wrong": 0,
      "top2_accuracy": 0.8207739307535642
    },
    "margin_pairwise_reranker": {
      "accuracy": 0.5610997963340122,
      "macro_f1": 0.5559094540968377,
      "weighted_f1": 0.5588450397063839,
      "warm_cool_accuracy": 0.6914460285132383,
      "warm_recall": 0.6915322580645161,
      "cool_recall": 0.691358024691358,
      "warm_to_cool_errors": 153,
      "cool_to_warm_errors": 150,
      "within_warm_errors": 69,
      "within_cool_errors": 59,
      "total_warm_samples": 496,
      "total_cool_samples": 486,
      "warm_cool_error_rate": 0.3085539714867617,
      "within_group_error_rate": 0.13034623217922606,
      "weighted_error_score": 1.0560081466395113,
      "changed_wrong_to_correct": 22,
      "changed_correct_to_wrong": 18,
      "top2_accuracy": 0.8207739307535642
    },
    "boundary_policy": {
      "accuracy": 0.5570264765784114,
      "macro_f1": 0.5526089032004842,
      "weighted_f1": 0.5554100105111739,
      "warm_cool_accuracy": 0.6904276985743381,
      "warm_recall": 0.6834677419354839,
      "cool_recall": 0.6975308641975309,
      "warm_to_cool_errors": 157,
      "cool_to_warm_errors": 147,
      "within_warm_errors": 72,
      "within_cool_errors": 59,
      "total_warm_samples": 496,
      "total_cool_samples": 486,
      "warm_cool_error_rate": 0.3095723014256619,
      "within_group_error_rate": 0.1334012219959267,
      "weighted_error_score": 1.0621181262729122,
      "changed_wrong_to_correct": 0,
      "changed_correct_to_wrong": 0,
      "top2_accuracy": 0.8207739307535642,
      "coverage_rate": 0.7189409368635438,
      "boundary_rate": 0.28105906313645623,
      "single_accuracy": 0.5892351274787535
    }
  },
  "warm_cool_summary": {
    "accuracy": 0.6908396946564885,
    "warm_to_cool_errors": 115,
    "cool_to_warm_errors": 128
  },
  "pairwise_report": [
    {
      "pair": "summer_cool__autumn_warm",
      "support": 1555,
      "accuracy": 0.8038585209003215,
      "macro_f1": 0.8026834468771127,
      "precision_class_a": 0.7902097902097902,
      "recall_class_a": 0.7847222222222222,
      "precision_class_b": 0.8154761904761905,
      "recall_class_b": 0.8203592814371258,
      "used_count_in_reranker": 21,
      "wrong_to_correct": 4,
      "correct_to_wrong": 0,
      "net_gain": 4,
      "warm_cool_crossing_pair": true
    },
    {
      "pair": "spring_warm__autumn_warm",
      "support": 1587,
      "accuracy": 0.7861635220125787,
      "macro_f1": 0.7857482561826252,
      "precision_class_a": 0.7712418300653595,
      "recall_class_a": 0.7814569536423841,
      "precision_class_b": 0.8,
      "recall_class_b": 0.7904191616766467,
      "used_count_in_reranker": 24,
      "wrong_to_correct": 3,
      "correct_to_wrong": 1,
      "net_gain": 2,
      "warm_cool_crossing_pair": false
    },
    {
      "pair": "summer_cool__winter_cool",
      "support": 1555,
      "accuracy": 0.8553054662379421,
      "macro_f1": 0.8547045815554241,
      "precision_class_a": 0.8367346938775511,
      "recall_class_a": 0.8541666666666666,
      "precision_class_b": 0.8719512195121951,
      "recall_class_b": 0.8562874251497006,
      "used_count_in_reranker": 10,
      "wrong_to_correct": 2,
      "correct_to_wrong": 2,
      "net_gain": 0,
      "warm_cool_crossing_pair": false
    },
    {
      "pair": "spring_warm__summer_cool",
      "support": 1476,
      "accuracy": 0.6790540540540541,
      "macro_f1": 0.6767481693508524,
      "precision_class_a": 0.6647058823529411,
      "recall_class_a": 0.7483443708609272,
      "precision_class_b": 0.6984126984126984,
      "recall_class_b": 0.6068965517241379,
      "used_count_in_reranker": 33,
      "wrong_to_correct": 5,
      "correct_to_wrong": 5,
      "net_gain": 0,
      "warm_cool_crossing_pair": true
    },
    {
      "pair": "autumn_warm__winter_cool",
      "support": 1666,
      "accuracy": 0.7005988023952096,
      "macro_f1": 0.7005988023952096,
      "precision_class_a": 0.7005988023952096,
      "recall_class_a": 0.7005988023952096,