{
  "dataset_summary": {
    "n_samples": 4910,
    "image_dir": "../release/RGB/RGB",
    "palette_csv": "../personal_color_palette_full.csv",
    "class_counts": {
      "autumn_warm": 1302,
      "winter_cool": 1301,
      "spring_warm": 1179,
      "summer_cool": 1128
    }
  },
  "feature_summary": {
    "n_features": 114,
    "remove_shortcut": "all"
  },
  "phase5_baseline": {
    "margin_pairwise": {
      "margin_threshold": 0.1,
      "confidence_threshold": 0.55,
      "base_accuracy": 0.5478615071283096,
      "base_macro_f1": 0.5421441323304649,
      "final_accuracy": 0.539714867617108,
      "final_macro_f1": 0.5335861330745155,
      "changed_count": 143,
      "wrong_to_correct": 52,
      "correct_to_wrong": 60,
      "unchanged_count": 839
    },
    "boundary": {
      "boundary_margin_threshold": 0.08,
      "boundary_min_confidence": 0.45,
      "warm_cool_boundary_threshold": 0.55,
      "coverage_rate": 0.4592668024439919,
      "boundary_rate": 0.5407331975560081,
      "single_output_rate": 0.4592668024439919,
      "single_accuracy": 0.6452328159645233,
      "single_macro_f1": 0.6346523123932915,
      "top2_contains_true_rate_for_boundary": 0.7608286252354048,
      "overall_top1_accuracy": 0.5478615071283096,
      "overall_top2_accuracy": 0.8034623217922607,
      "warm_cool_error_rate": 0.3319755600814664,
      "n_total": 982,
      "n_single": 451,
      "n_boundary": 531,
      "output_type_counts": {
        "single": 451,
        "boundary_top2": 57,
        "warm_cool_boundary": 61,
        "low_confidence": 413
      }
    },
    "wc_accuracy": 0.6924643584521385,
    "wc_warm_to_cool_errors": 156,
    "wc_cool_to_warm_errors": 146
  },
  "cv_summary": [
    {
      "policy": "base_4class",
      "acc_mean": 0.5448065173116089,
      "acc_std": 0.009498349341230969,
      "macro_f1_mean": 0.5424497729705298,
      "macro_f1_std": 0.009326615234167954,
      "wc_acc_mean": 0.6633401221995927,
      "wc_acc_std": 0.009862566201876371,
      "weighted_error_mean": 1.1285132382892056,
      "weighted_error_std": 0.026753215613279598,
      "coverage_mean": 1.0,
      "single_accuracy_mean": 0.5448065173116089
    },
    {
      "policy": "boundary_policy",
      "acc_mean": 0.5448065173116089,
      "acc_std": 0.009498349341230969,
      "macro_f1_mean": 0.5424497729705298,
      "macro_f1_std": 0.009326615234167954,
      "wc_acc_mean": 0.6633401221995927,
      "wc_acc_std": 0.009862566201876371,
      "weighted_error_mean": 1.1285132382892056,
      "weighted_error_std": 0.026753215613279598,
      "coverage_mean": 0.7423625254582484,
      "single_accuracy_mean": 0.5748677367995768
    },
    {
      "policy": "margin_pairwise_reranker",
      "acc_mean": 0.5393075356415479,
      "acc_std": 0.012338192448766555,
      "macro_f1_mean": 0.5365953540135352,
      "macro_f1_std": 0.012438101530470008,
      "wc_acc_mean": 0.6629327902240325,
      "wc_acc_std": 0.010582795158261995,
      "weighted_error_mean": 1.1348268839103868,
      "weighted_error_std": 0.03184296713984848,
      "coverage_mean": 1.0,
      "single_accuracy_mean": 0.5393075356415479
    },
    {
      "policy": "top2_reference",
      "acc_mean": NaN,
      "acc_std": NaN,
      "macro_f1_mean": NaN,
      "macro_f1_std": NaN,
      "wc_acc_mean": NaN,
      "wc_acc_std": NaN,
      "weighted_error_mean": NaN,
      "weighted_error_std": NaN,
      "coverage_mean": NaN,
      "single_accuracy_mean": NaN
    }
  ],
  "cv_folds": 5,
  "adoption_decision": {
    "adopt_margin_pairwise": false,
    "base_macro_f1_mean": 0.5424497729705298,
    "margin_macro_f1_mean": 0.5365953540135352,
    "base_weighted_error_mean": 1.1285132382892056,
    "margin_weighted_error_mean": 1.1348268839103868,
    "fold_win_rate": 0.0,
    "fold_wins": 0,
    "n_folds_compared": 5,
    "criteria": {
      "macro_f1_higher": false,
      "weighted_error_lower_or_equal": false,
      "fold_win_rate_ge_0.6": false
    },
    "fallback_policy": "base_4class"
  },
  "final_policy_requested": "margin_pairwise",
  "threshold_test_result": {
    "n_train": 3142,
    "n_val": 786,
    "n_test": 982,
    "selected_thresholds": {
      "pairwise_margin_threshold": 0.12,
      "pairwise_confidence_threshold": 0.5,
      "boundary_margin_threshold": 0.12,
      "boundary_min_confidence": 0.5,
      "warm_cool_boundary_threshold": 0.55,
      "threshold_metric": "weighted_error_score",
      "boundary_practical_coverage_satisfied": true,
      "selected_on": "validation_split",
      "model_name": "LightGBM"
    },
    "base_4class": {
      "accuracy": 0.5437881873727087,
      "macro_f1": 0.5398584218909962,
      "weighted_f1": 0.5425547920612785,
      "warm_cool_accuracy": 0.6659877800407332,
      "warm_recall": 0.6814516129032258,
      "cool_recall": 0.6502057613168725,
      "warm_to_cool_errors": 158,
      "cool_to_warm_errors": 170,
      "within_warm_errors": 68,
      "within_cool_errors": 52,
      "total_warm_samples": 496,
      "total_cool_samples": 486,
      "warm_cool_error_rate": 0.3340122199592668,
      "within_group_error_rate": 0.12219959266802444,
      "weighted_error_score": 1.1242362525458247,
      "changed_wrong_to_correct": 0,
      "changed_correct_to_wrong": 0,
      "top2_accuracy": 0.8014256619144603
    },
    "margin_pairwise_reranker": {
      "accuracy": 0.5366598778004074,
      "macro_f1": 0.5311468524761914,
      "weighted_f1": 0.534417536936643,
      "warm_cool_accuracy": 0.6680244399185336,
      "warm_recall": 0.6895161290322581,
      "cool_recall": 0.6460905349794238,
      "warm_to_cool_errors": 154,
      "cool_to_warm_errors": 172,
      "within_warm_errors": 74,
      "within_cool_errors": 55,
      "total_warm_samples": 496,
      "total_cool_samples": 486,
      "warm_cool_error_rate": 0.3319755600814664,
      "within_group_error_rate": 0.13136456211812628,
      "weighted_error_score": 1.1272912423625254,
      "changed_wrong_to_correct": 14,
      "changed_correct_to_wrong": 21,
      "top2_accuracy": 0.8014256619144603
    },
    "boundary_policy": {
      "accuracy": 0.5437881873727087,
      "macro_f1": 0.5398584218909962,
      "weighted_f1": 0.5425547920612785,
      "warm_cool_accuracy": 0.6659877800407332,
      "warm_recall": 0.6814516129032258,
      "cool_recall": 0.6502057613168725,
      "warm_to_cool_errors": 158,
      "cool_to_warm_errors": 170,
      "within_warm_errors": 68,
      "within_cool_errors": 52,
      "total_warm_samples": 496,
      "total_cool_samples": 486,
      "warm_cool_error_rate": 0.3340122199592668,
      "within_group_error_rate": 0.12219959266802444,
      "weighted_error_score": 1.1242362525458247,
      "changed_wrong_to_correct": 0,
      "changed_correct_to_wrong": 0,
      "top2_accuracy": 0.8014256619144603,
      "coverage_rate": 0.6832993890020367,
      "boundary_rate": 0.3167006109979633,
      "single_accuracy": 0.5916542473919523
    }
  },
  "warm_cool_summary": {
    "accuracy": 0.6755725190839694,
    "warm_to_cool_errors": 124,
    "cool_to_warm_errors": 131
  },
  "pairwise_report": [
    {
      "pair": "autumn_warm__winter_cool",
      "support": 1666,
      "accuracy": 0.6946107784431138,
      "macro_f1": 0.6937212313003451,
      "precision_class_a": 0.7181208053691275,
      "recall_class_a": 0.6407185628742516,
      "precision_class_b": 0.6756756756756757,
      "recall_class_b": 0.7485029940119761,
      "used_count_in_reranker": 21,
      "wrong_to_correct": 6,
      "correct_to_wrong": 4,
      "net_gain": 2,
      "warm_cool_crossing_pair": true
    },
    {
      "pair": "spring_warm__winter_cool",
      "support": 1587,
      "accuracy": 0.8364779874213837,
      "macro_f1": 0.8352003189156867,
      "precision_class_a": 0.8561151079136691,
      "recall_class_a": 0.7880794701986755,
      "precision_class_b": 0.8212290502793296,
      "recall_class_b": 0.8802395209580839,
      "used_count_in_reranker": 6,
      "wrong_to_correct": 2,