{
  "type": "men_group_hierarchical",
  "transfer_strategy": "source_augmented_feature_transfer",
  "source_model": "C:\\Users\\k1s1t\\Desktop\\Project\\Styleflow\\Shape\\train_pipeline3\\best_model.pkl",
  "uses_source_probs": true,
  "feature_dim": 108,
  "procrustes_dim": 100,
  "source_prob_dim": 8,
  "men_classes": [
    "ovale",
    "rectangular",
    "round",
    "square"
  ],
  "groups": {
    "elongated": [
      "ovale",
      "rectangular"
    ],
    "wide": [
      "round",
      "square"
    ]
  },
  "group_cv_acc": 0.937256169212691,
  "group_params": {
    "n_estimators": 2000,
    "learning_rate": 0.005360979462253521,
    "num_leaves": 94,
    "max_depth": 6,
    "min_child_samples": 31,
    "subsample": 0.9688310483927279,
    "colsample_bytree": 0.8469254270116354,
    "reg_alpha": 0.0003074591500378313,
    "reg_lambda": 9.633936840145265e-05
  },
  "subgroup_accs": {
    "elongated": 0.851764705882353,
    "wide": 0.919878787878788
  },
  "subgroup_params": {
    "elongated": {
      "n_estimators": 1800,
      "learning_rate": 0.006644851999607832,
      "num_leaves": 118,
      "max_depth": 9,
      "min_child_samples": 10,
      "subsample": 0.6262709611776436,
      "colsample_bytree": 0.6463567920534523,
      "reg_alpha": 3.7330168354077543e-07,
      "reg_lambda": 1.0541956085270628e-08
    },
    "wide": {
      "n_estimators": 1200,
      "learning_rate": 0.19063014866941258,
      "num_leaves": 90,
      "max_depth": 4,
      "min_child_samples": 20,
      "subsample": 0.8435995266629391,
      "colsample_bytree": 0.5324677128993257,
      "reg_alpha": 1.1836052312059591e-05,
      "reg_lambda": 2.4230614644202827e-07
    }
  }
}